Workbook

Sheet Sales Data
A2: 45734 | B2: West | C2: Carlos | D2: Widget A | E2: 127 | F2: 45.73 | G2: =E2*F2 -> 5807.71
A3: 45688 | B3: South | C3: Bianca | D3: Widget B | E3: 89 | F3: 45.41 | G3: =E3*F3 -> 4041.49
A4: 45711 | B4: South | C4: Diana | D4: Gadget Y | E4: 165 | F4: 40.29 | G4: =E4*F4 -> 6647.85
A5: 45698 | B5: North | C5: Carlos | D5: Gadget Y | E5: 27 | F5: 12.57 | G5: =E5*F5 -> 339.39
A6: 45776 | B6: East | C6: Diana | D6: Gadget Y | E6: 197 | F6: 62.85 | G6: =E6*F6 -> 12381.45
D8: Totals/Averages | E8: =SUM(E1:E7) -> 605 | F8: =AVERAGE(F1:F7) -> 41.37 | G8: =SUM(G1:G7) -> 29217.89

Sheet Inventory
A1: Current Inventory
A2: Item | B2: SKU | C2: Stock Level | D2: Reorder Level | E2: Status
A3: Widget A | B3: SKU-1000 | C3: 193 | D3: 27 | E3: =IF(C3<=D3,"Reorder","OK") -> OK
A4: Widget B | B4: SKU-1001 | C4: 492 | D4: 31 | E4: =IF(C4<=D4,"Reorder","OK") -> OK
A5: Gadget X | B5: SKU-1002 | C5: 43 | D5: 78 | E5: =IF(C5<=D5,"Reorder","OK") -> Reorder
A6: Gadget Y | B6: SKU-1003 | C6: 435 | D6: 95 | E6: =IF(C6<=D6,"Reorder","OK") -> OK
A7: Spare Part Z | B7: SKU-1004 | C7: 224 | D7: 69 | E7: =IF(C7<=D7,"Reorder","OK") -> OK
A10: Lookup example: | B10: SKU-1002 | C10: =VLOOKUP(B10,B3:E8,3,FALSE) -> 78

Sheet Summary
A1: Sales & Inventory Summary
A3: Total Sales | B3: ='Sales Data'!G8 -> 29217.89
A4: Total Units Sold | B4: ='Sales Data'!E8 -> 605
A5: Average Unit Price | B5: ='Sales Data'!F8 -> 41.37
A7: Low Stock Items (example) | B7: =COUNTIF(Inventory!E3:E8,"Reorder") -> 1
A10: Top 3 Representatives (by sales) - sample
A11: 1. | B11: Alex | C11: =SUMIFS('Sales Data'!G2:G3,'Sales Data'!C2:C3,B11) -> 0
A12: 2. | B12: Bianca | C12: =SUMIFS('Sales Data'!G2:G3,'Sales Data'!C2:C3,B12) -> 4041.49
A13: 3. | B13: Carlos | C13: =SUMIFS('Sales Data'!G2:G3,'Sales Data'!C2:C3,B13) -> 5807.71
